{"cameraMode":{"drawMode":0,"name":"Shaded","section":"Shading Mode"},"sceneLighting":false,"audioPlay":false,"sceneViewState":{"showFog":true,"showMaterialUpdate":false,"showSkybox":false,"showFlares":true,"showImageEffects":true,"showParticleSystems":true},"in2DMode":false,"pivot":{"x":0.04108121991157532,"y":1.0729496479034424,"z":8.036015510559082},"rotation":{"x":-0.08391425758600235,"y":0.3725466728210449,"z":-0.033826977014541629,"w":-0.9236178398132324},"size":1.419454574584961,"orthographic":false}