{"cameraMode":{"drawMode":0,"name":"Shaded","section":"Shading Mode"},"sceneLighting":false,"audioPlay":false,"sceneViewState":{"showFog":true,"showMaterialUpdate":false,"showSkybox":true,"showFlares":true,"showImageEffects":true,"showParticleSystems":true},"in2DMode":false,"pivot":{"x":-214.97552490234376,"y":52.04910659790039,"z":-64.60289001464844},"rotation":{"x":0.06641346961259842,"y":0.780306875705719,"z":0.08414740860462189,"w":-0.6161779761314392},"size":115.24541473388672,"orthographic":false}