{"cameraMode":{"drawMode":0,"name":"Shaded","section":"Shading Mode"},"sceneLighting":true,"audioPlay":false,"sceneViewState":{"showFog":true,"showMaterialUpdate":false,"showSkybox":true,"showFlares":true,"showImageEffects":true,"showParticleSystems":true},"in2DMode":false,"pivot":{"x":63.55982208251953,"y":-37.36012268066406,"z":-188.53269958496095},"rotation":{"x":-0.014093403704464436,"y":-0.9842179417610169,"z":0.0920916348695755,"w":-0.15056820213794709},"size":105.47457122802735,"orthographic":false}