{"cameraMode":{"drawMode":0,"name":"Shaded","section":"Shading Mode"},"sceneLighting":false,"audioPlay":false,"sceneViewState":{"showFog":true,"showMaterialUpdate":false,"showSkybox":true,"showFlares":true,"showImageEffects":true,"showParticleSystems":true},"in2DMode":false,"pivot":{"x":-225.42283630371095,"y":20.610801696777345,"z":-0.1987771987915039},"rotation":{"x":0.02785535342991352,"y":0.6872646808624268,"z":0.026422949507832528,"w":-0.7254229187965393},"size":115.94837188720703,"orthographic":false}