{"cameraMode":{"drawMode":0,"name":"Shaded","section":"Shading Mode"},"sceneLighting":false,"audioPlay":false,"sceneViewState":{"showFog":true,"showMaterialUpdate":false,"showSkybox":true,"showFlares":true,"showImageEffects":true,"showParticleSystems":true},"in2DMode":false,"pivot":{"x":-152.9210205078125,"y":-38.861328125,"z":151.42539978027345},"rotation":{"x":-0.08391425758600235,"y":0.3725466728210449,"z":-0.033826977014541629,"w":-0.9236178398132324},"size":115.24542236328125,"orthographic":false}